/*
SQLyog Ultimate v12.5.1 (64 bit)
MySQL - 8.0.30 : Database - resep
*********************************************************************
*/

/*!40101 SET NAMES utf8 */;

/*!40101 SET SQL_MODE=''*/;

/*!40014 SET @OLD_UNIQUE_CHECKS=@@UNIQUE_CHECKS, UNIQUE_CHECKS=0 */;
/*!40014 SET @OLD_FOREIGN_KEY_CHECKS=@@FOREIGN_KEY_CHECKS, FOREIGN_KEY_CHECKS=0 */;
/*!40101 SET @OLD_SQL_MODE=@@SQL_MODE, SQL_MODE='NO_AUTO_VALUE_ON_ZERO' */;
/*!40111 SET @OLD_SQL_NOTES=@@SQL_NOTES, SQL_NOTES=0 */;
CREATE DATABASE /*!32312 IF NOT EXISTS*/`resep` /*!40100 DEFAULT CHARACTER SET utf8mb4 COLLATE utf8mb4_0900_ai_ci */ /*!80016 DEFAULT ENCRYPTION='N' */;

USE `resep`;

/*Table structure for table `bahan` */

DROP TABLE IF EXISTS `bahan`;

CREATE TABLE `bahan` (
  `id_bahan` int NOT NULL AUTO_INCREMENT,
  `nama_bahan` varchar(60) NOT NULL,
  `satuan_default` varchar(15) NOT NULL,
  `kategori_bahan` enum('Daging','Sayuran','Rempah','Bumbu','Seafood','Karbohidrat','Produk Susu','Lain') NOT NULL,
  `deskripsi` varchar(255) DEFAULT NULL,
  PRIMARY KEY (`id_bahan`)
) ENGINE=InnoDB AUTO_INCREMENT=127 DEFAULT CHARSET=utf8mb4 COLLATE=utf8mb4_0900_ai_ci;

/*Data for the table `bahan` */

insert  into `bahan`(`id_bahan`,`nama_bahan`,`satuan_default`,`kategori_bahan`,`deskripsi`) values 
(1,'Daging sapi','gram','Daging','Potongan daging sapi segar tanpa tulang'),
(2,'Daging kambing','gram','Daging','Potongan daging kambing segar'),
(3,'Ayam broiler','gram','Daging','Daging ayam potong jenis broiler'),
(4,'Ayam kampung','gram','Daging','Daging ayam kampung'),
(5,'Ikan tuna','gram','Seafood','Fillet ikan tuna segar'),
(6,'Ikan tongkol','gram','Seafood','Ikan tongkol segar'),
(7,'Udang segar','gram','Seafood','Udang tanpa kepala'),
(8,'Cumi-cumi','gram','Seafood','Cumi segar ukuran sedang'),
(9,'Rebon kering','gram','Seafood','Udang rebon kering'),
(10,'Ikan teri nasi','gram','Seafood','Ikan teri kecil asin'),
(11,'Telur ayam','butir','Produk Susu','Telur ayam ukuran sedang'),
(12,'Telur bebek','butir','Produk Susu','Telur bebek segar'),
(13,'Telur puyuh','butir','Produk Susu','Telur puyuh rebus'),
(14,'Santan kental','ml','Produk Susu','Santan kelapa kental'),
(15,'Kelapa parut','gram','Produk Susu','Kelapa parut segar'),
(16,'Air kelapa','ml','Lain','Air kelapa muda'),
(17,'Mentega','gram','Produk Susu','Mentega tawar'),
(18,'Margarin','gram','Produk Susu','Margarin serbaguna'),
(19,'Susu cair UHT','ml','Produk Susu','Susu sapi cair steril'),
(20,'Susu kental manis','ml','Produk Susu','Susu kental bergula'),
(21,'Keju cheddar','gram','Produk Susu','Keju cheddar parut'),
(22,'Keju mozarella','gram','Produk Susu','Keju mozarella leleh'),
(23,'Minyak sapi (ghee)','gram','Produk Susu','Mentega jernih'),
(24,'Nasi putih','gram','Karbohidrat','Nasi matang dari beras putih'),
(25,'Beras putih','gram','Karbohidrat','Beras putih mentah'),
(26,'Beras merah','gram','Karbohidrat','Beras merah mentah'),
(27,'Beras hitam','gram','Karbohidrat','Beras hitam mentah'),
(28,'Beras ketan','gram','Karbohidrat','Beras ketan putih'),
(29,'Mi telur','gram','Karbohidrat','Mi kering berbahan telur'),
(30,'Mi instan','gram','Karbohidrat','Mi instan goreng/rebus'),
(31,'Tepung terigu','gram','Karbohidrat','Tepung terigu serbaguna'),
(32,'Tepung maizena','gram','Karbohidrat','Tepung jagung'),
(33,'Tepung tapioka','gram','Karbohidrat','Tepung kanji'),
(34,'Sagu kering','gram','Karbohidrat','Sagu kering bubuk'),
(35,'Ketupat nasi','buah','Karbohidrat','Ketupat siap saji'),
(36,'Lontong','buah','Karbohidrat','Lontong beras'),
(37,'Kentang','gram','Sayuran','Umbi kentang segar'),
(38,'Ubi jalar','gram','Sayuran','Ubi manis oranye'),
(39,'Wortel','gram','Sayuran','Wortel segar'),
(40,'Jagung manis','gram','Sayuran','Jagung manis pipil'),
(41,'Tomat','gram','Sayuran','Tomat merah segar'),
(42,'Terong ungu','gram','Sayuran','Terong ungu segar'),
(43,'Okra','gram','Sayuran','Okra segar'),
(44,'Kol putih','gram','Sayuran','Kubis putih'),
(45,'Bayam','gram','Sayuran','Daun bayam'),
(46,'Kangkung','gram','Sayuran','Kangkung air'),
(47,'Sawi hijau','gram','Sayuran','Sawi caisim'),
(48,'Sawi putih','gram','Sayuran','Chinese cabbage'),
(49,'Selada hijau','gram','Sayuran','Daun selada'),
(50,'Buncis','gram','Sayuran','Buncis segar'),
(51,'Kacang panjang','gram','Sayuran','Kacang panjang'),
(52,'Daun singkong','gram','Sayuran','Daun singkong rebus'),
(53,'Pepaya muda','gram','Sayuran','Buah pepaya muda'),
(54,'Jengkol','gram','Sayuran','Jengkol segar'),
(55,'Petai','gram','Sayuran','Petai segar'),
(56,'Jamur kuping','gram','Sayuran','Jamur kuping kering'),
(57,'Jamur champignon','gram','Sayuran','Jamur kancing segar'),
(58,'Tahu putih','gram','Sayuran','Tahu putih padat'),
(59,'Tempe','gram','Sayuran','Tempe kedelai'),
(60,'Bawang merah','gram','Rempah','Bawang merah lokal'),
(61,'Bawang putih','gram','Rempah','Bawang putih'),
(62,'Bawang bombay','gram','Sayuran','Bawang bombay segar'),
(63,'Daun bawang','gram','Sayuran','Daun bawang iris'),
(64,'Serai (sereh)','batang','Rempah','Serai segar'),
(65,'Lengkuas','gram','Rempah','Lengkuas segar'),
(66,'Jahe','gram','Rempah','Jahe segar'),
(67,'Kunyit','gram','Rempah','Kunyit segar'),
(68,'Daun kunyit','lembar','Rempah','Daun kunyit'),
(69,'Daun salam','lembar','Rempah','Daun salam kering'),
(70,'Daun jeruk purut','lembar','Rempah','Daun jeruk'),
(71,'Ketumbar bubuk','gram','Rempah','Ketumbar bubuk'),
(72,'Jinten bubuk','gram','Rempah','Jinten bubuk'),
(73,'Kayu manis batang','gram','Rempah','Kayu manis'),
(74,'Cengkeh','gram','Rempah','Cengkeh kering'),
(75,'Pala bubuk','gram','Rempah','Bubuk pala'),
(76,'Kapulaga','gram','Rempah','Kapulaga hijau'),
(77,'Lada putih bubuk','gram','Rempah','Merica putih'),
(78,'Cabe merah besar','gram','Rempah','Cabai merah besar'),
(79,'Cabe hijau besar','gram','Rempah','Cabai hijau besar'),
(80,'Cabe rawit merah','gram','Rempah','Cabai rawit'),
(81,'Cabe giling halus','gram','Rempah','Cabe merah giling'),
(82,'Kemiri sangrai','butir','Rempah','Kemiri sangrai'),
(83,'Kencur','gram','Rempah','Kencur segar'),
(84,'Asam jawa','gram','Bumbu','Asam jawa pasta'),
(85,'Garam dapur','gram','Bumbu','Garam halus'),
(86,'Garam Himalaya','gram','Bumbu','Garam pink'),
(87,'Gula pasir','gram','Bumbu','Gula pasir putih'),
(88,'Gula merah','gram','Bumbu','Gula aren padat'),
(89,'Gula palem','gram','Bumbu','Gula semut palem'),
(90,'Kecap manis','ml','Bumbu','Kecap manis botol'),
(91,'Kecap asin','ml','Bumbu','Soy sauce'),
(92,'Kecap ikan','ml','Bumbu','Fish sauce'),
(93,'Saus tiram','ml','Bumbu','Oyster sauce'),
(94,'Saos sambal','ml','Bumbu','Saus sambal botol'),
(95,'Minyak goreng sawit','ml','Bumbu','Minyak sawit refined'),
(96,'Minyak kelapa','ml','Bumbu','Minyak kelapa murni'),
(97,'Minyak wijen','ml','Bumbu','Minyak wijen'),
(98,'Minyak zaitun','ml','Bumbu','Extra virgin olive oil'),
(99,'Cuka masak','ml','Bumbu','Cuka putih'),
(100,'Madu','ml','Bumbu','Madu hutan'),
(101,'Sambal terasi siap saji','gram','Bumbu','Sambal terasi'),
(102,'Terasi udang','gram','Bumbu','Pasta udang fermentasi'),
(103,'Baking powder','gram','Bumbu','Pengembang kue'),
(104,'Ragi instan','gram','Bumbu','Ragi kering instan'),
(105,'Cokelat bubuk','gram','Bumbu','Bubuk kakao'),
(106,'Vanili bubuk','gram','Bumbu','Bubuk vanili'),
(107,'Air','ml','Lain','Air matang'),
(108,'Kerupuk udang mentah','gram','Lain','Kerupuk udang kering'),
(109,'Kerupuk aci mentah','gram','Lain','Kerupuk tapioka kering'),
(110,'Kacang tanah sangrai','gram','Bumbu','Kacang tanah goreng sangrai—bahan saus gado-gado'),
(111,'Kluwek','gram','Rempah','Biji kluwek hitam untuk kuah rawon'),
(112,'Ikan mas','gram','Seafood','Ikan mas segar untuk pepes'),
(113,'Ikan roa asap','gram','Seafood','Ikan roa asap khas Manado'),
(114,'Rajungan','gram','Seafood','Kepiting rajungan segar'),
(115,'Kembang kol','gram','Sayuran','Bunga kol'),
(116,'Nangka muda','gram','Sayuran','Nangka muda untuk gudeg'),
(117,'Pisang uli','buah','Sayuran','Pisang uli untuk kolak'),
(118,'Daun pandan','lembar','Rempah','Daun pandan harum'),
(119,'Labu siam','gram','Sayuran','Labu siam segar'),
(120,'Melinjo','gram','Sayuran','Biji melinjo muda'),
(121,'Daun melinjo','gram','Sayuran','Daun melinjo muda'),
(122,'Ikan tenggiri','gram','Seafood','Fillet ikan tenggiri'),
(123,'Buntut sapi','gram','Daging','Ekor sapi potong'),
(124,'Tauge','gram','Sayuran','Kecambah kacang hijau'),
(125,'Daun kemangi','gram','Sayuran','Daun kemangi segar'),
(126,'Manggar kelapa muda','gram','Sayuran','Bunga kelapa muda untuk Gudeg Manggar');

/*Table structure for table `masakan` */

DROP TABLE IF EXISTS `masakan`;

CREATE TABLE `masakan` (
  `kode_masakan` char(5) NOT NULL,
  `nama_masakan` varchar(80) NOT NULL,
  `kategori` enum('Daging','Ayam','Sayuran','Nasi','Mie','Seafood','Dessert','Minuman') NOT NULL,
  `asal_daerah` varchar(40) NOT NULL,
  `level_pedas` tinyint unsigned NOT NULL,
  `ukuran_porsi` varchar(20) NOT NULL,
  `deskripsi_singkat` varchar(255) DEFAULT NULL,
  `status_aktif` tinyint(1) DEFAULT '1',
  PRIMARY KEY (`kode_masakan`),
  CONSTRAINT `masakan_chk_1` CHECK ((`level_pedas` between 0 and 5))
) ENGINE=InnoDB DEFAULT CHARSET=utf8mb4 COLLATE=utf8mb4_0900_ai_ci;

/*Data for the table `masakan` */

insert  into `masakan`(`kode_masakan`,`nama_masakan`,`kategori`,`asal_daerah`,`level_pedas`,`ukuran_porsi`,`deskripsi_singkat`,`status_aktif`) values 
('M001','Rendang','Daging','Padang',4,'4 porsi','Daging sapi dimasak lama dengan santan dan rempah.',1),
('M002','Sate Ayam Madura','Ayam','Jawa Timur',3,'10 tusuk','Sate bumbu kacang khas Madura.',1),
('M003','Gado-Gado','Sayuran','Betawi',1,'2 porsi','Sayur rebus saus kacang.',1),
('M004','Nasi Goreng Kampung','Nasi','Jawa Tengah',3,'1 porsi','Nasi goreng sambal terasi.',1),
('M005','Soto Betawi','Daging','Betawi',2,'3 mangkuk','Soto santan daging sapi.',1),
('M006','Ayam Taliwang','Ayam','Lombok',5,'1 ekor','Ayam bakar super pedas NTB.',1),
('M007','Pepes Ikan Mas','Seafood','Sunda',2,'2 bungkus','Ikan mas dibumbui dan dikukus daun pisang.',1),
('M008','Rawon','Daging','Jawa Timur',2,'4 mangkuk','Sup hitam kluwek.',1),
('M009','Capcay Kuah','Sayuran','Tionghoa-Jawa',1,'2 porsi','Tumis sayur campur kuah kental.',1),
('M010','Mie Aceh','Mie','Aceh',4,'1 porsi','Mie bumbu kari pedas khas Aceh.',1),
('M011','Kare Rajungan','Seafood','Madura',3,'3 porsi','Kepiting rajungan kuah kare.',1),
('M012','Gudeg','Sayuran','Yogyakarta',0,'4 porsi','Nangka muda santan kental manis.',1),
('M013','Sate Lilit','Seafood','Bali',2,'8 lilit','Sate ikan cincang + kelapa.',1),
('M014','Coto Makassar','Daging','Makassar',3,'3 mangkuk','Sop jeroan kuah kacang.',1),
('M015','Opor Ayam','Ayam','Jawa Tengah',1,'6 potong','Ayam santan kuning gurih.',1),
('M016','Es Cendol','Minuman','Sunda',0,'1 gelas','Minuman gula aren santan dingin.',1),
('M017','Kolak Pisang','Dessert','Jawa',0,'2 mangkuk','Pisang santan gula merah.',1),
('M018','Nasi Kuning Manado','Nasi','Manado',2,'4 porsi','Nasi kunyit aromatik kemangi.',1),
('M019','Sayur Asem','Sayuran','Sunda',1,'3 mangkuk','Sayur kuah asam segar.',1),
('M020','Sambal Roa','Seafood','Manado',5,'200 g','Ikan roa asap diulek cabai.',1),
('M021','Bakso Malang','Daging','Jawa-Timur',2,'1 mangkuk','Bakso kuah kaldu ditambah pangsit.',1),
('M022','Pempek Kapal Selam','Seafood','Palembang',3,'2 buah','Ikan tenggiri + telur rebus, kuah cuko.',1),
('M023','Laksa Betawi','Mie','Betawi',2,'1 mangkuk','Laksa santan kental kunyit.',1),
('M024','Ikan Bakar Rica','Seafood','Manado',4,'1 ekor','Ikan bakar bumbu rica pedas.',1),
('M025','Sop Buntut','Daging','Jakarta',1,'1 mangkuk','Sop buntut bening rempah.',1),
('M026','Ayam Betutu','Ayam','Bali',4,'1 ekor','Ayam bumbu base genep kukus bakar.',1),
('M027','Lontong Balap','Sayuran','Surabaya',1,'1 porsi','Tauge, lontong, lentho, kuah gurih.',1),
('M028','Sambal Matah','Sayuran','Bali',5,'150 g','Sambal bawang mentah segar.',1),
('M029','Kerak Telor','Sayuran','Betawi',2,'1 porsi','Telur bebek + ketan, serundeng.',0),
('M030','Tahu Gejrot','Sayuran','Cirebon',3,'1 piring','Tahu goreng kuah asam pedas.',1),
('M031','Karedok','Sayuran','Sunda',1,'2 porsi','Sayur mentah saus kacang kencur.',0),
('M032','Mi Kocok Bandung','Mie','Sunda',2,'1 mangkuk','Mi kuning, kikil, kuah kaldu.',1),
('M033','Gudeg Manggar','Sayuran','Yogyakarta',0,'3 porsi','Gudeg bunga kelapa muda.',1),
('M034','Sate Padang','Daging','Padang',4,'10 tusuk','Sate kuah kental kunyit.',1),
('M035','Semur Jengkol','Sayuran','Betawi',3,'2 porsi','Jengkol kuah kecap rempah.',1),
('M036','Ikan Kuah Pala Banda','Seafood','Maluku',2,'4 porsi','Ikan kuah pala pedas asam.',1),
('M037','Papeda Ikan Kuah Kuning','Seafood','Papua',2,'2 porsi','Papeda sagu & ikan kuah kunyit.',1),
('M038','Nasi Liwet','Nasi','Solo',1,'2 porsi','Nasi santan, suwiran ayam, areh.',1),
('M039','Plecing Kangkung','Sayuran','Lombok',4,'1 piring','Kangkung rebus sambal plecing.',0),
('M040','Serabi Notosuman','Dessert','Solo',0,'4 buah','Panekuk beras santan legit.',0);

/*Table structure for table `resep` */

DROP TABLE IF EXISTS `resep`;

CREATE TABLE `resep` (
  `id_resep` int NOT NULL AUTO_INCREMENT,
  `kode_masakan` char(5) NOT NULL,
  `judul_resep` varchar(90) NOT NULL,
  `deskripsi` text,
  `langkah` longtext,
  `waktu_masak` smallint DEFAULT NULL,
  `teknik_masak` enum('goreng','bakar','rebus','kukus','tumis','panggang','kukus-bakar') NOT NULL,
  `tingkat_kesulitan` enum('mudah','sedang','sulit') DEFAULT 'sedang',
  `status_aktif` tinyint(1) DEFAULT '1',
  PRIMARY KEY (`id_resep`),
  KEY `fk_resep_masakan` (`kode_masakan`),
  CONSTRAINT `fk_resep_masakan` FOREIGN KEY (`kode_masakan`) REFERENCES `masakan` (`kode_masakan`),
  CONSTRAINT `resep_chk_1` CHECK ((`waktu_masak` between 0 and 999))
) ENGINE=InnoDB AUTO_INCREMENT=40 DEFAULT CHARSET=utf8mb4 COLLATE=utf8mb4_0900_ai_ci;

/*Data for the table `resep` */

insert  into `resep`(`id_resep`,`kode_masakan`,`judul_resep`,`deskripsi`,`langkah`,`waktu_masak`,`teknik_masak`,`tingkat_kesulitan`,`status_aktif`) values 
(1,'M001','Rendang Padang Asli','Versi tradisional dimasak 4 jam','1) Haluskan bumbu rendang … 2) Tumis hingga harum … 3) Masak daging dan santan ±4 jam hingga kering.',240,'rebus','sulit',1),
(2,'M001','Rendang Kering Cepat','Metode presto 1½ jam','1) Presto daging 30 menit … 2) Masukkan santan & bumbu … 3) Keringkan hingga minyak naik.',90,'rebus','sedang',1),
(3,'M002','Sate Ayam Madura','Sate ayam bumbu kacang khas Madura','1) Rendam ayam dalam bumbu … 2) Tusuk ayam … 3) Bakar sambil dioles saus kacang.',40,'bakar','mudah',1),
(4,'M003','Gado-Gado Betawi','Sayur rebus saus kacang kental','1) Rebus sayuran … 2) Blender saus kacang … 3) Siram saus ke sayur.',25,'rebus','mudah',1),
(5,'M004','Nasi Goreng Kampung','Nasi goreng sambal terasi tradisional','1) Tumis bumbu halus … 2) Masukkan nasi … 3) Tambah ikan asin goreng.',15,'tumis','mudah',1),
(6,'M004','Nasi Goreng Kampung Super Pedas','Versi ekstra cabai rawit','1) Tumis bawang … 2) Masukkan cabai rawit … 3) Tambah nasi & kecap manis.',17,'tumis','mudah',1),
(7,'M005','Soto Betawi Kuah Susu','Soto Betawi santan + susu','1) Rebus daging & jeroan … 2) Tumis bumbu … 3) Campur kuah susu.',120,'rebus','sedang',1),
(8,'M006','Ayam Taliwang Bakar','Ayam bakar super pedas Lombok','1) Marinasi ayam … 2) Bakar sambil dioles bumbu taliwang.',45,'bakar','sedang',1),
(9,'M007','Pepes Ikan Mas Daun Pisang','Pepes ikan bumbu kuning','1) Lumuri ikan dengan bumbu … 2) Bungkus daun pisang … 3) Kukus 40 menit.',40,'kukus','sedang',1),
(10,'M008','Rawon Surabaya','Sup daging kluwek hitam','1) Rebus daging … 2) Tumis bumbu kluwek … 3) Campur & masak hingga empuk.',180,'rebus','sedang',1),
(11,'M009','Capcay Kuah','Tumis sayur aneka warna kuah kental','1) Tumis bawang putih … 2) Masukkan sayuran keras dulu … 3) Tambah kuah maizena.',20,'tumis','mudah',1),
(12,'M010','Mi Aceh Kari Kuah','Mi Aceh basah bumbu kari','1) Rebus mi setengah matang … 2) Tumis bumbu kari … 3) Tambah kaldu & mi.',25,'tumis','sedang',1),
(13,'M010','Mi Aceh Goreng','Versi kering tanpa kuah','1) Tumis bumbu kari … 2) Tambah mi rebus … 3) Aduk hingga kering.',22,'tumis','mudah',1),
(14,'M011','Kare Rajungan Madura','Kepiting rajungan kuah kari santan','1) Tumis bumbu kare … 2) Masukkan rajungan … 3) Tuang santan & masak 30 menit.',35,'rebus','sedang',1),
(15,'M012','Gudeg Jogja','Nangka muda santan kental manis','1) Rebus nangka muda … 2) Tambah bumbu … 3) Ungkep ±4 jam.',240,'rebus','sulit',1),
(16,'M013','Sate Lilit Bali','Sate ikan cincang & kelapa','1) Cincang ikan … 2) Campur bumbu base genep … 3) Lilit pada serai, bakar.',35,'bakar','mudah',1),
(17,'M014','Coto Makassar','Sup daging rempah kacang','1) Rebus daging … 2) Haluskan bumbu kacang … 3) Masak bersama kuah kaldu.',150,'rebus','sedang',1),
(18,'M015','Opor Ayam Lebaran','Ayam santan kuning gurih','1) Tumis bumbu kuning … 2) Masukkan ayam … 3) Tuang santan & masak.',60,'rebus','mudah',1),
(19,'M016','Es Cendol Tradisional','Minuman dingin gula aren','1) Masak adonan cendol … 2) Cetak & dinginkan … 3) Sajikan dengan santan & gula aren.',30,'rebus','mudah',0),
(20,'M017','Kolak Pisang','Pisang santan gula merah','1) Rebus gula merah … 2) Tambah pisang … 3) Masak santan.',25,'rebus','mudah',1),
(21,'M018','Nasi Kuning Manado','Nasi kunyit wangi kemangi','1) Cuci beras … 2) Kukus dengan santan kunyit … 3) Tambah daun kemangi.',90,'kukus','sedang',1),
(22,'M019','Sayur Asem Sunda','Sayur kuah asam segar','1) Didihkan air … 2) Masukkan sayuran keras … 3) Tambah asam jawa.',40,'rebus','mudah',1),
(23,'M020','Sambal Roa Manado','Ikan roa asap diulek cabai','1) Sangrai roa … 2) Haluskan cabai … 3) Tumis hingga wangi.',60,'tumis','mudah',1),
(24,'M021','Bakso Malang Komplet','Bakso kuah + pangsit goreng','1) Buat adonan bakso … 2) Rebus bakso … 3) Sajikan dengan pangsit.',120,'rebus','sedang',1),
(25,'M022','Pempek Kapal Selam','Pempek ikan telur + kuah cuko','1) Campur ikan & sagu … 2) Bentuk kapal selam … 3) Rebus lalu goreng.',90,'rebus','sedang',1),
(26,'M023','Laksa Betawi','Laksa kuah santan kunyit','1) Haluskan bumbu … 2) Tumis, tambah santan … 3) Masak mi & taoge.',60,'rebus','sedang',1),
(27,'M024','Ikan Bakar Rica','Ikan bakar bumbu rica pedas','1) Lumuri ikan … 2) Bakar sambil oles rica.',30,'bakar','mudah',1),
(28,'M025','Sop Buntut','Sup buntut sapi bening','1) Rebus buntut … 2) Tumis bumbu … 3) Masak hingga empuk.',150,'rebus','sedang',1),
(29,'M026','Ayam Betutu','Ayam utuh kukus-bakar bumbu base genep','1) Lumuri ayam … 2) Kukus 2 jam … 3) Panggang 30 menit.',150,'kukus-bakar','sulit',1),
(30,'M027','Lontong Balap','Tauge, lontong, lentho, kuah gurih','1) Rebus tauge … 2) Buat lentho … 3) Susun lontong & kuah.',70,'rebus','sedang',1),
(31,'M028','Sambal Matah Bali','Sambal bawang mentah segar','1) Iris cabai & bawang … 2) Campur serai … 3) Siram minyak panas.',10,'tumis','mudah',0),
(32,'M030','Tahu Gejrot Cirebon','Tahu goreng siram kuah asam manis pedas.','1) Goreng tahu hingga kecokelatan … 2) Rebus kuah gula merah+cuka … 3) Siram tahu, tabur cabai.',15,'tumis','mudah',1),
(33,'M032','Mi Kocok Bandung','Mi kuah kaldu sapi, tauge, kikil, dan bakso.','1) Rebus kikil & daging … 2) Susun mi, sawi, tauge … 3) Siram kuah panas.',90,'rebus','sedang',1),
(34,'M033','Gudeg Manggar','Gudeg berbahan bunga kelapa muda dengan santan kental.','1) Rebus manggar hingga empuk … 2) Ungkep dengan santan & gula merah ±3 jam.',180,'rebus','sedang',1),
(35,'M034','Sate Padang Daging Kambing','Versi sate Padang menggunakan daging kambing dan kuah kental.','1) Rebus kambing dengan rempah … 2) Potong tusuk, bakar … 3) Siram kuah tepung.',70,'bakar','sedang',1),
(36,'M035','Semur Jengkol Betawi','Semur jengkol bumbu kecap rempah pekat.','1) Rebus jengkol, geprek … 2) Tumis bumbu, tambah kecap … 3) Masak hingga meresap.',120,'tumis','sedang',1),
(37,'M036','Ikan Kuah Pala Banda','Sup ikan tongkol dengan rempah pala dan air kelapa.','1) Tumis bumbu … 2) Masukkan ikan & air kelapa … 3) Didihkan ±30 menit.',40,'rebus','mudah',1),
(38,'M037','Papeda Kuah Kuning','Papeda dari sagu kering dengan ikan tongkol kuah kunyit.','1) Larutkan sagu dengan air panas … 2) Masak kuah ikan … 3) Sajikan papeda & kuah.',45,'rebus','sedang',1),
(39,'M038','Nasi Liwet Beras Merah','Liwet khas Solo memakai beras merah dan kemangi.','1) Tumis bumbu … 2) Masak beras merah + santan … 3) Kukus hingga tanak.',75,'kukus','mudah',1);

/*Table structure for table `resep_bahan` */

DROP TABLE IF EXISTS `resep_bahan`;

CREATE TABLE `resep_bahan` (
  `id_resep` int NOT NULL,
  `id_bahan` int NOT NULL,
  `jumlah` decimal(8,2) NOT NULL,
  `satuan_override` varchar(10) DEFAULT NULL,
  PRIMARY KEY (`id_resep`,`id_bahan`),
  KEY `fk_rb_bahan` (`id_bahan`),
  CONSTRAINT `fk_rb_bahan` FOREIGN KEY (`id_bahan`) REFERENCES `bahan` (`id_bahan`) ON DELETE RESTRICT,
  CONSTRAINT `fk_rb_resep` FOREIGN KEY (`id_resep`) REFERENCES `resep` (`id_resep`) ON DELETE CASCADE
) ENGINE=InnoDB DEFAULT CHARSET=utf8mb4 COLLATE=utf8mb4_0900_ai_ci;

/*Data for the table `resep_bahan` */

insert  into `resep_bahan`(`id_resep`,`id_bahan`,`jumlah`,`satuan_override`) values 
(1,1,1000.00,'gram'),
(1,14,1000.00,'ml'),
(1,60,50.00,'gram'),
(1,61,25.00,'gram'),
(1,64,2.00,'batang'),
(1,65,30.00,'gram'),
(1,67,10.00,'gram'),
(1,69,4.00,'lembar'),
(1,70,6.00,'lembar'),
(1,78,150.00,'gram'),
(1,80,20.00,'gram'),
(1,85,10.00,'gram'),
(2,1,800.00,'gram'),
(2,14,750.00,'ml'),
(2,60,40.00,'gram'),
(2,61,20.00,'gram'),
(2,64,2.00,'batang'),
(2,65,20.00,'gram'),
(2,67,8.00,'gram'),
(2,69,2.00,'lembar'),
(2,70,4.00,'lembar'),
(2,78,120.00,'gram'),
(2,80,15.00,'gram'),
(2,85,8.00,'gram'),
(3,3,750.00,'gram'),
(3,60,30.00,'gram'),
(3,61,15.00,'gram'),
(3,71,5.00,'gram'),
(3,78,30.00,'gram'),
(3,85,5.00,'gram'),
(3,88,10.00,'gram'),
(3,90,60.00,'ml'),
(3,95,20.00,'ml'),
(4,11,2.00,'butir'),
(4,37,150.00,'gram'),
(4,45,100.00,'gram'),
(4,46,100.00,'gram'),
(4,58,100.00,'gram'),
(4,59,100.00,'gram'),
(4,61,5.00,'gram'),
(4,80,5.00,'gram'),
(4,85,5.00,'gram'),
(4,88,15.00,'gram'),
(4,107,200.00,'ml'),
(4,110,100.00,'gram'),
(5,10,15.00,'gram'),
(5,24,300.00,'gram'),
(5,60,8.00,'gram'),
(5,61,5.00,'gram'),
(5,80,5.00,'gram'),
(5,85,2.00,'gram'),
(5,90,10.00,'ml'),
(5,95,15.00,'ml'),
(6,24,300.00,'gram'),
(6,60,10.00,'gram'),
(6,61,6.00,'gram'),
(6,78,20.00,'gram'),
(6,80,15.00,'gram'),
(6,85,2.00,'gram'),
(6,90,10.00,'ml'),
(6,95,15.00,'ml'),
(7,1,500.00,'gram'),
(7,14,400.00,'ml'),
(7,19,300.00,'ml'),
(7,60,40.00,'gram'),
(7,61,20.00,'gram'),
(7,64,2.00,'batang'),
(7,65,15.00,'gram'),
(7,66,10.00,'gram'),
(7,69,3.00,'lembar'),
(7,85,8.00,'gram'),
(8,4,900.00,'gram'),
(8,60,30.00,'gram'),
(8,61,15.00,'gram'),
(8,80,40.00,'gram'),
(8,85,7.00,'gram'),
(8,96,20.00,'ml'),
(8,102,5.00,'gram'),
(9,60,25.00,'gram'),
(9,61,12.00,'gram'),
(9,64,2.00,'batang'),
(9,65,15.00,'gram'),
(9,69,3.00,'lembar'),
(9,70,4.00,'lembar'),
(9,78,40.00,'gram'),
(9,85,6.00,'gram'),
(9,112,600.00,'gram'),
(10,1,600.00,'gram'),
(10,60,30.00,'gram'),
(10,61,15.00,'gram'),
(10,64,2.00,'batang'),
(10,65,10.00,'gram'),
(10,69,3.00,'lembar'),
(10,80,5.00,'gram'),
(10,85,8.00,'gram'),
(10,111,30.00,'gram'),
(11,39,70.00,'gram'),
(11,44,80.00,'gram'),
(11,50,60.00,'gram'),
(11,61,6.00,'gram'),
(11,93,10.00,'ml'),
(11,95,10.00,'ml'),
(11,107,250.00,'ml'),
(11,115,60.00,'gram'),
(12,1,80.00,'gram'),
(12,14,200.00,'ml'),
(12,29,120.00,'gram'),
(12,60,20.00,'gram'),
(12,61,10.00,'gram'),
(12,67,3.00,'gram'),
(12,78,25.00,'gram'),
(12,85,4.00,'gram'),
(13,7,60.00,'gram'),
(13,29,120.00,'gram'),
(13,60,20.00,'gram'),
(13,61,10.00,'gram'),
(13,78,25.00,'gram'),
(13,85,3.00,'gram'),
(13,90,15.00,'ml'),
(14,14,400.00,'ml'),
(14,60,25.00,'gram'),
(14,61,12.00,'gram'),
(14,64,1.00,'batang'),
(14,69,2.00,'lembar'),
(14,78,30.00,'gram'),
(14,85,6.00,'gram'),
(14,114,600.00,'gram'),
(15,14,400.00,'ml'),
(15,64,1.00,'batang'),
(15,65,10.00,'gram'),
(15,67,5.00,'gram'),
(15,69,3.00,'lembar'),
(15,85,6.00,'gram'),
(15,88,60.00,'gram'),
(15,116,800.00,'gram'),
(16,5,400.00,'gram'),
(16,15,100.00,'gram'),
(16,60,30.00,'gram'),
(16,61,15.00,'gram'),
(16,64,5.00,'batang'),
(16,78,25.00,'gram'),
(16,83,5.00,'gram'),
(16,85,5.00,'gram'),
(17,1,500.00,'gram'),
(17,60,40.00,'gram'),
(17,61,20.00,'gram'),
(17,64,2.00,'batang'),
(17,65,15.00,'gram'),
(17,69,3.00,'lembar'),
(17,85,8.00,'gram'),
(17,110,30.00,'gram'),
(18,3,800.00,'gram'),
(18,14,400.00,'ml'),
(18,60,40.00,'gram'),
(18,61,20.00,'gram'),
(18,64,1.00,'batang'),
(18,67,5.00,'gram'),
(18,69,2.00,'lembar'),
(18,85,6.00,'gram'),
(20,14,400.00,'ml'),
(20,85,2.00,'gram'),
(20,88,100.00,'gram'),
(20,117,4.00,'buah'),
(20,118,2.00,'lembar'),
(21,14,400.00,'ml'),
(21,25,500.00,'gram'),
(21,64,1.00,'batang'),
(21,67,5.00,'gram'),
(21,69,2.00,'lembar'),
(21,85,6.00,'gram'),
(21,118,2.00,'lembar'),
(22,40,150.00,'gram'),
(22,51,100.00,'gram'),
(22,69,2.00,'lembar'),
(22,84,20.00,'gram'),
(22,85,6.00,'gram'),
(22,88,15.00,'gram'),
(22,107,600.00,'ml'),
(22,119,100.00,'gram'),
(22,120,30.00,'gram'),
(22,121,30.00,'gram'),
(23,60,30.00,'gram'),
(23,61,10.00,'gram'),
(23,78,50.00,'gram'),
(23,80,20.00,'gram'),
(23,85,5.00,'gram'),
(23,96,30.00,'ml'),
(23,113,100.00,'gram'),
(24,1,500.00,'gram'),
(24,33,100.00,'gram'),
(24,60,20.00,'gram'),
(24,61,15.00,'gram'),
(24,77,3.00,'gram'),
(24,85,8.00,'gram'),
(24,107,200.00,'ml'),
(25,11,1.00,'butir'),
(25,33,200.00,'gram'),
(25,61,10.00,'gram'),
(25,85,8.00,'gram'),
(25,107,200.00,'ml'),
(25,122,500.00,'gram'),
(26,9,20.00,'gram'),
(26,14,400.00,'ml'),
(26,29,100.00,'gram'),
(26,60,30.00,'gram'),
(26,61,15.00,'gram'),
(26,64,1.00,'batang'),
(26,67,5.00,'gram'),
(26,69,2.00,'lembar'),
(26,82,10.00,'gram'),
(26,85,6.00,'gram'),
(27,6,600.00,'gram'),
(27,60,30.00,'gram'),
(27,61,15.00,'gram'),
(27,78,30.00,'gram'),
(27,80,40.00,'gram'),
(27,85,6.00,'gram'),
(27,96,20.00,'ml'),
(28,37,150.00,'gram'),
(28,39,100.00,'gram'),
(28,41,50.00,'gram'),
(28,60,30.00,'gram'),
(28,61,15.00,'gram'),
(28,63,20.00,'gram'),
(28,77,3.00,'gram'),
(28,85,8.00,'gram'),
(28,107,1500.00,'ml'),
(28,123,800.00,'gram'),
(29,4,1000.00,'gram'),
(29,60,50.00,'gram'),
(29,61,25.00,'gram'),
(29,64,2.00,'batang'),
(29,65,10.00,'gram'),
(29,66,10.00,'gram'),
(29,67,10.00,'gram'),
(29,69,2.00,'lembar'),
(29,70,4.00,'lembar'),
(29,78,30.00,'gram'),
(29,80,20.00,'gram'),
(29,82,10.00,'gram'),
(29,83,5.00,'gram'),
(29,85,8.00,'gram'),
(29,96,30.00,'ml'),
(30,9,30.00,'gram'),
(30,36,2.00,'buah'),
(30,60,20.00,'gram'),
(30,61,10.00,'gram'),
(30,80,10.00,'gram'),
(30,85,4.00,'gram'),
(30,90,15.00,'ml'),
(30,107,300.00,'ml'),
(30,124,150.00,'gram'),
(32,58,150.00,'gram'),
(32,60,20.00,'gram'),
(32,61,6.00,'gram'),
(32,80,10.00,'gram'),
(32,85,3.00,'gram'),
(32,88,25.00,'gram'),
(32,91,10.00,'ml'),
(32,99,30.00,'ml'),
(32,107,100.00,'ml'),
(33,1,80.00,'gram'),
(33,29,120.00,'gram'),
(33,47,40.00,'gram'),
(33,61,10.00,'gram'),
(33,62,30.00,'gram'),
(33,85,6.00,'gram'),
(33,97,5.00,'ml'),
(33,107,600.00,'ml'),
(33,124,50.00,'gram'),
(34,14,400.00,'ml'),
(34,15,50.00,'gram'),
(34,64,1.00,'batang'),
(34,65,15.00,'gram'),
(34,69,3.00,'lembar'),
(34,85,6.00,'gram'),
(34,88,60.00,'gram'),
(34,126,600.00,'gram'),
(35,2,600.00,'gram'),
(35,32,20.00,'gram'),
(35,60,30.00,'gram'),
(35,61,15.00,'gram'),
(35,73,3.00,'gram'),
(35,74,2.00,'gram'),
(35,75,2.00,'gram'),
(35,78,40.00,'gram'),
(35,85,8.00,'gram'),
(36,54,400.00,'gram'),
(36,60,40.00,'gram'),
(36,61,20.00,'gram'),
(36,73,2.00,'gram'),
(36,74,2.00,'gram'),
(36,75,2.00,'gram'),
(36,85,6.00,'gram'),
(36,87,10.00,'gram'),
(36,90,50.00,'ml'),
(37,6,500.00,'gram'),
(37,16,400.00,'ml'),
(37,60,25.00,'gram'),
(37,61,12.00,'gram'),
(37,64,1.00,'batang'),
(37,68,1.00,'lembar'),
(37,75,3.00,'gram'),
(37,79,30.00,'gram'),
(37,85,6.00,'gram'),
(38,6,400.00,'gram'),
(38,34,120.00,'gram'),
(38,60,20.00,'gram'),
(38,61,10.00,'gram'),
(38,67,8.00,'gram'),
(38,78,20.00,'gram'),
(38,85,6.00,'gram'),
(38,107,600.00,'ml'),
(38,125,10.00,'gram'),
(39,10,30.00,'gram'),
(39,14,400.00,'ml'),
(39,26,500.00,'gram'),
(39,64,1.00,'batang'),
(39,69,2.00,'lembar'),
(39,79,20.00,'gram'),
(39,85,6.00,'gram'),
(39,107,600.00,'ml'),
(39,125,10.00,'gram');

/*!40101 SET SQL_MODE=@OLD_SQL_MODE */;
/*!40014 SET FOREIGN_KEY_CHECKS=@OLD_FOREIGN_KEY_CHECKS */;
/*!40014 SET UNIQUE_CHECKS=@OLD_UNIQUE_CHECKS */;
/*!40111 SET SQL_NOTES=@OLD_SQL_NOTES */;
